title,PublishedAt,ID,URL,views,likes,dislikes,comments,Last_updated_Date
DLSS와 Reflex로 새로워진 갓 오브 워,2022-01-25 13:16,nw0nyND5k84,https://www.youtube.com/watch?v=nw0nyND5k84,101715,312,,15,2022-02-14
[댓글 EVENT] NVIDIA 젯슨맘 이야기 | Inspiring next-generation robotics pioneers with AI,2022-01-10 13:14,jJz4M4yf5Rc,https://www.youtube.com/watch?v=jJz4M4yf5Rc,21718,58,,107,2022-02-14
레이 트레이싱과 AI 기술 지원을 위한 가장 강력한 게이밍 플랫폼인 GeForce RTX,2022-01-05 11:11,KzJjx4dRmtE,https://www.youtube.com/watch?v=KzJjx4dRmtE,761,5,,0,2022-02-14
AI와 함께 가속화된 금융 서비스 | I AM AI,2021-11-19 11:41,jYw1HMrTrQk,https://www.youtube.com/watch?v=jYw1HMrTrQk,254,7,,1,2022-02-14
NVIDIA EGX 엔터프라이즈 가속 컴퓨팅,2021-10-12 09:17,-IpFUoeerqE,https://www.youtube.com/watch?v=-IpFUoeerqE,37531,78,,0,2022-02-14
"'Escape from Naraka', #RTXON 과 함께 발매!",2021-07-30 08:50,j7xgAkFBNU4,https://www.youtube.com/watch?v=j7xgAkFBNU4,263,4,,1,2022-02-14
'배틀필드 2042 포탈' 트레일러 공개! (Battlefield Portal trailer),2021-07-26 10:23,QzNMm0tSvS0,https://www.youtube.com/watch?v=QzNMm0tSvS0,394,3,,1,2022-02-14
"'레드 데드 리뎀션2', '레드 데드 온라인'에 NVIDIA DLSS 지원!",2021-07-14 13:49,YOF4pyPoceY,https://www.youtube.com/watch?v=YOF4pyPoceY,325,5,,1,2022-02-14
'이스케이프 프롬 타르코프'에 NVIDIA Reflex 지원,2021-07-01 13:17,JksNg-D2l24,https://www.youtube.com/watch?v=JksNg-D2l24,468,3,,4,2022-02-14
배틀필드 2042 공식 트레일러 공개 (Battlefield 2042),2021-06-11 10:58,gxj9w5CWdgU,https://www.youtube.com/watch?v=gxj9w5CWdgU,185,0,,3,2022-02-14
Rust에서 NVIDIA Reflex로 지연 시간 단축하기,2021-05-11 17:15,9UAnFJIziK8,https://www.youtube.com/watch?v=9UAnFJIziK8,192,3,,1,2022-02-14
NTALK N덕후 LIVE 개봉박두 !  엔비디아 지포스 덕후들 모두 모여라 !!,2021-04-12 17:24,o0xku7rBtKo,https://www.youtube.com/watch?v=o0xku7rBtKo,17675,123,,52,2022-02-14
"세계 최고의 AI 컨퍼런스, GTC 2021에 최신 기술 트렌드를 확인하세요",2021-04-02 12:06,jp2EB_MaKqk,https://www.youtube.com/watch?v=jp2EB_MaKqk,1590,14,,2,2022-02-14
레인보우 식스 시즈:  NVIDIA Reflex가 만드는 차이!,2021-04-02 10:05,nUwOvHO2Pow,https://www.youtube.com/watch?v=nUwOvHO2Pow,1374,16,,4,2022-02-14
우리의 일상은 계속되어야 합니다,2021-02-25 09:04,lVsEQ21sqAg,https://www.youtube.com/watch?v=lVsEQ21sqAg,143,8,,0,2022-02-14
NVIDIA 인증 시스템을 알아보세요!,2021-01-27 14:37,Wzxf-j31faQ,https://www.youtube.com/watch?v=Wzxf-j31faQ,582,1,,0,2022-02-14
GEFORCE Ampere RTX 노트북,2021-01-13 10:00,zhQcIQNF4CI,https://www.youtube.com/watch?v=zhQcIQNF4CI,207,3,,3,2022-02-14
Call of Duty: Black Ops Cold War에서 NVIDIA Reflex가 선사하는 저지연 모드,2020-12-30 11:08,B4-LdRdiwQM,https://www.youtube.com/watch?v=B4-LdRdiwQM,132,2,,0,2022-02-14
NVIDIA Omniverse  - 가상 협업을 가속화하는 개방형 플랫폼,2020-12-16 10:54,uuK0-0QjAZ4,https://www.youtube.com/watch?v=uuK0-0QjAZ4,163,3,,0,2022-02-14
윈도우 10용 Minecraft RTX 정식 출시!,2020-12-10 10:24,Ik6WebBu7Jc,https://www.youtube.com/watch?v=Ik6WebBu7Jc,1332,9,,9,2022-02-14
GeForce RTX 3060 Ti 출시 영상 (한글 자막),2020-12-07 09:38,mMnRWpQmJvs,https://www.youtube.com/watch?v=mMnRWpQmJvs,170,5,,0,2022-02-14
"NVIDIA DGX A100, 세계 최초 5 페타플롭 성능의 AI 시스템",2020-05-25 15:47,5b-OXnd9mw0,https://www.youtube.com/watch?v=5b-OXnd9mw0,28306,12,,0,2022-02-14
COD: Warzone을 플레이할 때 초당 프레임(FPS)이 중요한 이유,2020-04-28 22:15,aGgXfhgYgtU,https://www.youtube.com/watch?v=aGgXfhgYgtU,230,3,,0,2022-02-14
GeForce 기반의 높은 FPS 게이밍 경험이 중요한 이유: 배틀그라운드 슬로우 모션 비디오,2020-03-27 22:00,38NcDvWlFMI,https://www.youtube.com/watch?v=38NcDvWlFMI,1044,7,,1,2022-02-14
FRAMES WIN GAMES: 높은 FPS가 중요한 이유,2020-01-16 16:21,aQoizekYqZQ,https://www.youtube.com/watch?v=aQoizekYqZQ,147,1,,0,2022-02-14
Dragonhound  GeForce RTX Real Time Ray Traced Reflections and Shadows   GDC 2019,2019-03-19 16:45,ghE3qWw5AAI,https://www.youtube.com/watch?v=ghE3qWw5AAI,664,14,,1,2022-02-14
Control  GeForce RTX Real Time Ray Tracing Demo   GDC 2019,2019-03-19 16:16,SdWy7CoDK88,https://www.youtube.com/watch?v=SdWy7CoDK88,467,11,,2,2022-02-14
NVIDIA VUNO AI | 엔비디아의 인셉션 프로그램 파트너사 뷰노의 의료계 혁신 이야기,2019-01-24 13:24,m4A-wRkZgpI,https://www.youtube.com/watch?v=m4A-wRkZgpI,995,15,,0,2022-02-14
Battlefield V Chapter II - Lightening Strikes,2019-01-17 16:02,EwK-x40Key8,https://www.youtube.com/watch?v=EwK-x40Key8,70,0,,1,2022-02-14
지스타 2018에서 만나는 엔비디아,2018-12-24 14:51,frPV3GQ1hhg,https://www.youtube.com/watch?v=frPV3GQ1hhg,104,4,,0,2022-02-14
NVIDIA VUNO AI KR,2018-12-18 16:07,FQQat8rlMTA,https://www.youtube.com/watch?v=FQQat8rlMTA,594,16,,0,2022-02-14
엔비디아 AI 컨퍼런스 2018(NVIDIA AI Conference 2018),2018-11-17 09:20,PzbilR-qzVo,https://www.youtube.com/watch?v=PzbilR-qzVo,790,1,,0,2022-02-14
NVIDIA AI Conference 2018 키노트 영상,2018-11-09 10:21,Y3Zy642RnVQ,https://www.youtube.com/watch?v=Y3Zy642RnVQ,581,4,,0,2022-02-14
"NVIDIA, 실시간 Ray Tracing을 지원하는 Turing 출시",2018-11-05 10:26,_LOJyeoVGDw,https://www.youtube.com/watch?v=_LOJyeoVGDw,135,2,,0,2022-02-14
NVIDIA Turing이 Unreal Engine에 실시간 Ray Tracing을 지원하다,2018-11-05 10:10,RATye4bzAg8,https://www.youtube.com/watch?v=RATye4bzAg8,159,1,,0,2022-02-14
NVIDIA GPU CLOUD 컨테이너 구동하기,2018-10-19 16:45,4b43xOWKoqo,https://www.youtube.com/watch?v=4b43xOWKoqo,160,4,,1,2022-02-14
"그래픽의 재창조, GEFORCE RTX 20 시리즈",2018-10-08 12:33,lo4ePIOlUR0,https://www.youtube.com/watch?v=lo4ePIOlUR0,380,10,,2,2022-02-14
DGX Station 메이킹 영상,2018-07-27 10:27,r37Sv1spKMM,https://www.youtube.com/watch?v=r37Sv1spKMM,122,2,,1,2022-02-14
NVIDIA TensorRT 를 활용한 AI 가속화,2018-07-27 10:10,loi7_HP4RBI,https://www.youtube.com/watch?v=loi7_HP4RBI,330,5,,0,2022-02-14
셰도우 오브 더 툼 레이더(Shadow of the Tomb Raider) 트레일러 영상,2018-04-30 09:46,AiLZw-GhJvs,https://www.youtube.com/watch?v=AiLZw-GhJvs,135,5,,1,2022-02-14
GTC 2018- I AM AI (엔비디아 NVIDIA GTC 2018 오프닝 영상),2018-04-20 14:20,z2jAv3BN3B4,https://www.youtube.com/watch?v=z2jAv3BN3B4,1415,11,,1,2022-02-14
지포스 GTX 10 시리즈 노트북 (GeForce GTX 10 Series Laptop),2018-04-10 09:55,JJ_euglPBAQ,https://www.youtube.com/watch?v=JJ_euglPBAQ,98,0,,2,2022-02-14
Assetto Corsa Competizione,2018-02-27 11:35,wYZRnSvuBVE,https://www.youtube.com/watch?v=wYZRnSvuBVE,243,3,,1,2022-02-14
플레이어언노운즈:배틀그라운드(PUBG)를 가장 완벽한 해상도로 즐기는 방법,2018-02-13 14:42,lyMdB8Y4BTY,https://www.youtube.com/watch?v=lyMdB8Y4BTY,309,2,,2,2022-02-14
지포스 익스피리언스와 함께 배틀그라운드 중요한 순간을 자동 캡처하세요!,2018-01-18 14:29,HD636pMIzGQ,https://www.youtube.com/watch?v=HD636pMIzGQ,628,2,,0,2022-02-14
"역대 최고 성능의 PC용 GPU, NVIDIA TITAN V",2018-01-09 18:07,b-M2exMxGpU,https://www.youtube.com/watch?v=b-M2exMxGpU,587,6,,5,2022-02-14
포트나이트 배틀로얄에 적용되는 쉐도우플레이 하이라이트 기능,2018-01-09 18:05,LfZzn6Xf_dU,https://www.youtube.com/watch?v=LfZzn6Xf_dU,217,0,,0,2022-02-14
빅 포맷 게이밍 디스플레이(Big format gaming display) 공개,2018-01-09 18:03,lJkMQVyvFYY,https://www.youtube.com/watch?v=lJkMQVyvFYY,66,1,,0,2022-02-14
"스타워즈 컬렉터스 에디션, NVIDIA TITAN Xp 국내 출시!",2018-01-02 13:50,z6eYVjdV3Hc,https://www.youtube.com/watch?v=z6eYVjdV3Hc,210,1,,2,2022-02-14
NVIDIA Volta GPU Architecture,2017-12-19 18:41,-8BwJRxgWWg,https://www.youtube.com/watch?v=-8BwJRxgWWg,1348,10,,1,2022-02-14
NVIDIA GPU Cloud 무료 계정 등록하는 방법,2017-12-06 16:18,2Lsp_BW2oTk,https://www.youtube.com/watch?v=2Lsp_BW2oTk,1464,15,,0,2022-02-14
지스타 2017 엔비디아 부스의 모든 것(NVIDIA AT G-STAR 2017 Highlight),2017-11-21 13:36,DBp5ypMqifU,https://www.youtube.com/watch?v=DBp5ypMqifU,339,4,,3,2022-02-14
지스타 2017 엔비디아 부스 Day 3 하이라이트 (NVIDIA AT G-STAR 2017 DAY 3 HIGHLIGHT),2017-11-19 09:49,MTaHqp6O4ww,https://www.youtube.com/watch?v=MTaHqp6O4ww,158,0,,0,2022-02-14
지스타 2017 엔비디아 부스 DAY 하이라이트 영상(NVIDIA AT G-STAR 2017 DAY 2 HIGHLIGHT),2017-11-18 09:20,TOTiGkJP-YI,https://www.youtube.com/watch?v=TOTiGkJP-YI,476,4,,1,2022-02-14
지스타 2017 엔비디아 부스 DAY 1 하이라이트 영상(NVIDIA at G-STAR 2017 DAY1 RECAP),2017-11-17 08:42,nECc1QT0eQY,https://www.youtube.com/watch?v=nECc1QT0eQY,346,1,,2,2022-02-14
파라곤(Paragon)에서 엔비디아 안셀(NVIDIA Ansel)을 즐기세요.,2017-11-15 18:19,7YzYxB9vMLI,https://www.youtube.com/watch?v=7YzYxB9vMLI,1315,10,,4,2022-02-14
"NVIDIA Ansel, 검은사막",2017-11-13 10:59,vNt5uZMGypk,https://www.youtube.com/watch?v=vNt5uZMGypk,7279,36,,6,2022-02-14
NVIDIA DEEP LEARNING DAY 2017 컨퍼런스 현장스케치,2017-11-01 18:15,Tdqlqx0Nkl4,https://www.youtube.com/watch?v=Tdqlqx0Nkl4,317,1,,1,2022-02-14
게임스컴 2017에서 소개된 파이널 판타지 XV  기술 트레일러,2017-08-31 16:21,GLH8gmMGRQk,https://www.youtube.com/watch?v=GLH8gmMGRQk,131,1,,0,2022-02-14
X-Morph: Defense에서 즐기는 PhysX 효과,2017-08-31 10:52,G6sqAwF8PnU,https://www.youtube.com/watch?v=G6sqAwF8PnU,157,2,,0,2022-02-14
GeForce GTX 10 시리즈 게이밍 노트북,2017-08-18 10:12,RqLYEaBH0H8,https://www.youtube.com/watch?v=RqLYEaBH0H8,194,4,,0,2022-02-14
[AI 스타트업] Deep Instinct - 사이버 보안 위협에 딥 러닝 적용,2017-07-24 11:56,Zmb_r981Vj8,https://www.youtube.com/watch?v=Zmb_r981Vj8,393,2,,0,2022-02-14
[AI 스타트업] Genetesis - GPU 기반 심장의 3D 맵 형성,2017-07-24 11:56,EhJUoLBeaa0,https://www.youtube.com/watch?v=EhJUoLBeaa0,192,2,,0,2022-02-14
[AI 스타트업]  Athelas - 딥 러닝으로 단 시간 내에 혈액세포 분석,2017-07-24 11:48,o8Xlsns_r_M,https://www.youtube.com/watch?v=o8Xlsns_r_M,570,5,,0,2022-02-14
GTC 2017 -  I AM AI  (엔비디아 GTC 2017 오프닝 영상),2017-05-22 14:56,W-XqrjGb8ys,https://www.youtube.com/watch?v=W-XqrjGb8ys,1014,12,,2,2022-02-14
Destiny 2 (데스티니 2) 공식 트레일러 영상,2017-05-19 10:13,kV6Iioyk-2Y,https://www.youtube.com/watch?v=kV6Iioyk-2Y,574,2,,0,2022-02-14
최초의 인공지능 게임 비서 GeForce GTX G-Assist,2017-04-01 15:13,pO1RC2TbuJE,https://www.youtube.com/watch?v=pO1RC2TbuJE,1951,15,,3,2022-02-14
GeForce GTX 1080 Ti 출시 기념 특별 이벤트!,2017-03-02 18:08,zbRKjxJbn3I,https://www.youtube.com/watch?v=zbRKjxJbn3I,1040,12,,6,2022-02-14
GeForce GTX 1080 Ti (지포스 GTX 1080 Ti) 출시 영상,2017-03-02 15:39,tsTeuUAWc3E,https://www.youtube.com/watch?v=tsTeuUAWc3E,1742,6,,6,2022-02-14
NVIDIA TECH TALK 2017 (엔비디아 테크 토크 2017),2017-02-01 16:29,DsuZy1uu1pU,https://www.youtube.com/watch?v=DsuZy1uu1pU,308,2,,0,2022-02-14
지스타 2016 엔비디아 부스 하이라이트 (G-STAR 2016 NVIDIA Booth highlight),2016-12-21 10:57,uo4vhwOcmmo,https://www.youtube.com/watch?v=uo4vhwOcmmo,430,1,,0,2022-02-14
지스타 2016 엔비디아 부스 인터뷰 영상,2016-12-21 10:35,w74FPM182bk,https://www.youtube.com/watch?v=w74FPM182bk,119,2,,0,2022-02-14
엔비디아가 그리는 VR의 미래,2016-12-13 14:01,zWg-S7emTR4,https://www.youtube.com/watch?v=zWg-S7emTR4,825,5,,0,2022-02-14
NVIDIA Powers VR,2016-12-13 11:53,uxte2KAYG30,https://www.youtube.com/watch?v=uxte2KAYG30,57,1,,0,2022-02-14
엔비디아 GTCx Korea 2016 후기,2016-11-14 17:06,3MKc81x4qaQ,https://www.youtube.com/watch?v=3MKc81x4qaQ,376,3,,1,2022-02-14
SKT T1 1:1 최강자전 (벵기 VS 페이커 VS 울프 VS 듀크 VS 뱅 VS 블랭크),2016-11-07 19:34,FyXEgcecJEw,https://www.youtube.com/watch?v=FyXEgcecJEw,322404,637,,143,2022-02-14
전세계를 제패한 SKT T1의 1:1 최강자전 배틀이 다가온다.,2016-11-02 17:14,KJH07zHThtk,https://www.youtube.com/watch?v=KJH07zHThtk,1151,2,,0,2022-02-14
"타이탄폴 2(Titanfall 2), 4K 60 FPS의 싱글플레이 영상 독점 공개!",2016-10-20 19:18,6TH14ebI8EI,https://www.youtube.com/watch?v=6TH14ebI8EI,3312,9,,2,2022-02-14
SKT T1 인터뷰 영상,2016-09-20 15:56,Fry9qdqzdUE,https://www.youtube.com/watch?v=Fry9qdqzdUE,4795,30,,3,2022-02-14
VR 펀하우스 200배 즐기기! 신규 모드 추가 및 유저 제작 모드 지원,2016-09-08 16:43,sztWHBQGD70,https://www.youtube.com/watch?v=sztWHBQGD70,118,1,,0,2022-02-14
노트북용 지포스 GTX 10 시리즈,2016-08-17 10:17,lSkIWt-BfCg,https://www.youtube.com/watch?v=lSkIWt-BfCg,879,6,,3,2022-02-14
새로운 엔비디아 타이탄 X 공개,2016-07-22 14:31,ryw9Scm9kSw,https://www.youtube.com/watch?v=ryw9Scm9kSw,1806,8,,4,2022-02-14
왜 딥 러닝(Deep Learning)이 화두인가?,2016-07-21 11:07,C2FS9WVm7j4,https://www.youtube.com/watch?v=C2FS9WVm7j4,13466,73,,1,2022-02-14
엔비디아 VR 펀하우스 체험 영상,2016-07-20 13:58,TsG0wgKuLiA,https://www.youtube.com/watch?v=TsG0wgKuLiA,472,2,,0,2022-02-14
제이미 헤인맨과 함께 하는 VR 펀하우스 체험,2016-07-20 13:58,wCrWdT10c3M,https://www.youtube.com/watch?v=wCrWdT10c3M,94,0,,0,2022-02-14
지포스 GTX 1060 정식 출시 영상,2016-07-20 10:02,btNP6ZdsKUA,https://www.youtube.com/watch?v=btNP6ZdsKUA,4139,18,,17,2022-02-14
"차세대 VR 경험의 끝판왕, 엔비디아 VR 펀하우스 정식 출시",2016-07-15 10:18,-jkDkmNz8k8,https://www.youtube.com/watch?v=-jkDkmNz8k8,390,1,,0,2022-02-14
GPU 기반 가속 데이터 센터,2016-06-27 17:35,_lK2SbJ6ufI,https://www.youtube.com/watch?v=_lK2SbJ6ufI,407,5,,1,2022-02-14
아담 세비지의 VR 펀하우스 체험기,2016-06-17 10:58,axnMQJQI6K8,https://www.youtube.com/watch?v=axnMQJQI6K8,762,2,,0,2022-02-14
[클템 & 강퀴 해설] 엔비디아 인증 PC 방 LoL 토너먼트 결승전 중계,2016-05-29 22:18,WaVF4Zqm4cE,https://www.youtube.com/watch?v=WaVF4Zqm4cE,2830,10,,6,2022-02-14
엔비디아 자율주행 자동차,2016-05-24 16:34,Dlc4ylsAuSs,https://www.youtube.com/watch?v=Dlc4ylsAuSs,7472,25,,2,2022-02-14
GTX 1080 SLI 시스템 트랜스포머,2016-05-13 13:46,pQgUnAUdRj8,https://www.youtube.com/watch?v=pQgUnAUdRj8,1920,3,,4,2022-02-14
"엔비디아 VR 데모, ‘VR 펀하우스’",2016-05-11 10:08,hfScIrewqoE,https://www.youtube.com/watch?v=hfScIrewqoE,402,1,,0,2022-02-14
파스칼 아키텍처 기반의 지포스(GeForce) GTX 1080 출시 영상,2016-05-09 12:09,pd0A9pudsf8,https://www.youtube.com/watch?v=pd0A9pudsf8,1571,10,,1,2022-02-14
벌칸 API 적용된 둠(Doom) 데모 전격 공개! (지포스 GTX 1080 구동),2016-05-08 15:15,d339b4ypkWQ,https://www.youtube.com/watch?v=d339b4ypkWQ,34509,15,,10,2022-02-14
HTC 바이브로 즐길 수 있는 VR 게임 Best 7 소개 영상,2016-04-28 17:38,XgmnY60j82I,https://www.youtube.com/watch?v=XgmnY60j82I,9961,5,,0,2022-02-14
오큘러스 리프트로 올해 출시되는 VR게임 중 최고의 기대작 소개 영상,2016-04-27 19:07,0XmoWKJIyiw,https://www.youtube.com/watch?v=0XmoWKJIyiw,39952,30,,1,2022-02-14
엔비디아 GTC 2016 오프닝 영상,2016-04-18 17:35,mAG0bCDSZRw,https://www.youtube.com/watch?v=mAG0bCDSZRw,492,6,,0,2022-02-14
GTC 2016 하이라이트 영상,2016-04-11 10:53,ssQXahmZCJ4,https://www.youtube.com/watch?v=ssQXahmZCJ4,134,1,,0,2022-02-14
엔비디아 드라이브  PX2 기반 자율주행 레이싱카,2016-04-08 18:40,U89sFHy0HKQ,https://www.youtube.com/watch?v=U89sFHy0HKQ,611,2,,0,2022-02-14
세계 최초 딥 러닝 전용 슈퍼컴퓨터 엔비디아 DGX-1,2016-04-06 14:06,Be83rhIgzA0,https://www.youtube.com/watch?v=Be83rhIgzA0,4611,9,,2,2022-02-14
"게이머를 위한 신개념 에너지 음료, GeForce GTX ENERGY 출시!",2016-04-01 17:24,ohFAeR7fswc,https://www.youtube.com/watch?v=ohFAeR7fswc,736,2,,3,2022-02-14
GDC 2016 현장 하이라이트,2016-03-24 17:21,3HkvyCz4lU8,https://www.youtube.com/watch?v=3HkvyCz4lU8,47,0,,0,2022-02-14
주목해야 할 이벤트 엔비디아 GTC 2016!,2016-02-26 18:00,UknYo5Bm7XM,https://www.youtube.com/watch?v=UknYo5Bm7XM,570,2,,0,2022-02-14
메르세데스벤츠의 컨셉카 ‘IAA’에 적용된 엔비디아 기술,2016-01-18 18:21,K4tt2X_nT6I,https://www.youtube.com/watch?v=K4tt2X_nT6I,1705,1,,0,2022-02-14
HTC 바이브로 즐기는  틸트 브러시,2016-01-08 19:33,82to2EnTR5Y,https://www.youtube.com/watch?v=82to2EnTR5Y,863,10,,2,2022-02-14
엔비디아 게임 웍스 VR의 모든 것,2016-01-08 19:20,_TEg9QJeQJ0,https://www.youtube.com/watch?v=_TEg9QJeQJ0,3694,2,,0,2022-02-14
"2016년, 새해 복 많이 받으세요~!",2016-01-01 10:14,c7_1s6cYm-4,https://www.youtube.com/watch?v=c7_1s6cYm-4,204,3,,0,2022-02-14
엔비디아 크리스마스 인사,2015-12-25 11:50,GKejbvS46go,https://www.youtube.com/watch?v=GKejbvS46go,113,1,,0,2022-02-14
프랑크푸르트로 간 ESL DOTA 2 토너먼트,2015-12-11 10:42,rVI5SsbxhMg,https://www.youtube.com/watch?v=rVI5SsbxhMg,28,0,,0,2022-02-14
[인터뷰 영상] 지스타 2015 엔비디아 부스를 소개합니다!,2015-11-27 16:42,VXzP0_7tRHE,https://www.youtube.com/watch?v=VXzP0_7tRHE,278,1,,0,2022-02-14
"지스타 2015 엔비디아 부스, 360도 VR 영상으로 직접 감상하세요.",2015-11-27 15:15,hOjKlQb7nYM,https://www.youtube.com/watch?v=hOjKlQb7nYM,2088,4,,0,2022-02-14
지스타 2015 엔비디아 부스 하이라이트,2015-11-27 15:03,c7YIzkJI_xs,https://www.youtube.com/watch?v=c7YIzkJI_xs,352,2,,0,2022-02-14
유화의 느낌을 그대로 살린 페인팅 시뮬레이션,2015-11-25 13:29,ymdD0nmNM9I,https://www.youtube.com/watch?v=ymdD0nmNM9I,707,7,,1,2022-02-14
어쌔신 크리드: 신디케이트 에 적용된 엔비디아 Gameworks기술,2015-11-23 18:07,1ke5-6dpo2I,https://www.youtube.com/watch?v=1ke5-6dpo2I,2303,13,,0,2022-02-14
DOTA 2 뉴욕 토너먼트와 함께한 엔비디아,2015-11-20 09:48,5Qf2vUwIWLQ,https://www.youtube.com/watch?v=5Qf2vUwIWLQ,60,0,,0,2022-02-14
지포스 정비소의 할로윈 커스텀 PC,2015-11-03 17:45,NV3eI143qnk,https://www.youtube.com/watch?v=NV3eI143qnk,247,1,,0,2022-02-14
지포스 할로윈 호박 램프,2015-10-31 13:33,YVTDhWj1c50,https://www.youtube.com/watch?v=YVTDhWj1c50,196,1,,0,2022-02-14
정교한 3D모델을 구현하는 Iray 와 Quadro VCA,2015-10-29 12:08,TquylVmcnk8,https://www.youtube.com/watch?v=TquylVmcnk8,359,0,,0,2022-02-14
워 썬더 속 WaveWorks,2015-10-23 11:47,0pR-CNoiucY,https://www.youtube.com/watch?v=0pR-CNoiucY,504,2,,1,2022-02-14
[백 투더 퓨쳐 with GeForce GTX TITAN],2015-10-22 16:43,LHT9w_ogtvI,https://www.youtube.com/watch?v=LHT9w_ogtvI,291,1,,0,2022-02-14
GeForce GTX 950에 쏟아진 찬사들,2015-10-22 11:46,zNDVeBomzEs,https://www.youtube.com/watch?v=zNDVeBomzEs,718,4,,2,2022-02-14
엔비디아 지포스 데이 2015 하이라이트,2015-10-20 16:57,lJnc-kfyjxE,https://www.youtube.com/watch?v=lJnc-kfyjxE,54,0,,0,2022-02-14
ESL One과 함께한 엔비디아,2015-10-15 10:58,Ggl28u_E38s,https://www.youtube.com/watch?v=Ggl28u_E38s,70,0,,0,2022-02-14
GTAV 속 지포스 카 (GeForce Car),2015-10-14 14:38,6vUrCK3MhNE,https://www.youtube.com/watch?v=6vUrCK3MhNE,366,1,,1,2022-02-14
엔비디아 지포스데이 2015 현장,2015-10-13 17:10,CZc5rxj0QWE,https://www.youtube.com/watch?v=CZc5rxj0QWE,270,2,,0,2022-02-14
팍스 프라임에서 만난 틸트 브러쉬,2015-10-12 16:45,zt9ccK0HPDA,https://www.youtube.com/watch?v=zt9ccK0HPDA,8731,33,,6,2022-02-14
GeForce GTX 980 노트북,2015-10-07 23:47,iQ3hcPV6rO8,https://www.youtube.com/watch?v=iQ3hcPV6rO8,568,4,,2,2022-02-14
한가위 밝은 보름달처럼 넉넉한 한가위 되세요.,2015-09-26 13:19,DmHWrq4rPDw,https://www.youtube.com/watch?v=DmHWrq4rPDw,509,6,,1,2022-02-14
NVIDIA Iray로 완성된 블랙호크 스토어,2015-09-15 12:02,NXVVlNgiRgA,https://www.youtube.com/watch?v=NXVVlNgiRgA,709,10,,4,2022-02-14
엔비디아 그리드 2.0 (NVIDIA GRID 2.0),2015-09-11 12:04,2VIT62jRPv4,https://www.youtube.com/watch?v=2VIT62jRPv4,271,1,,0,2022-02-14
새 기능으로 무장한 GeForce Experience 베타,2015-08-27 16:49,pu505mD-1wE,https://www.youtube.com/watch?v=pu505mD-1wE,1585,0,,1,2022-02-14
최고의 LOL프로 팀이 말하는 GTX 950,2015-08-27 10:25,ZuuoCStk71Q,https://www.youtube.com/watch?v=ZuuoCStk71Q,505,2,,0,2022-02-14
GTX 950 VS GTX 650,2015-08-26 10:59,yzyRFf-nXR0,https://www.youtube.com/watch?v=yzyRFf-nXR0,2664,3,,0,2022-02-14
NVIDIA GeForce GTX 950,2015-08-26 09:25,Nd_PzKhgL0o,https://www.youtube.com/watch?v=Nd_PzKhgL0o,774,2,,0,2022-02-14
ESL ONE 과 함께한 엔비디아,2015-08-22 10:43,oO66jLL3C70,https://www.youtube.com/watch?v=oO66jLL3C70,47,1,,0,2022-02-14
GeForce 기반 증강현실 샌드박스,2015-08-21 15:55,fSS7Q7RI2QQ,https://www.youtube.com/watch?v=fSS7Q7RI2QQ,17987,61,,6,2022-02-14
엔비디아 지포스 G-SYNC 노트북,2015-08-04 12:06,0SRi1VLkf5c,https://www.youtube.com/watch?v=0SRi1VLkf5c,444,2,,1,2022-02-14
"더 길게, 편리하게. 엔비디아 배터리 부스트",2015-07-28 09:16,VY71h4WGxhI,https://www.youtube.com/watch?v=VY71h4WGxhI,159,2,,0,2022-02-14
엔비디아 헤어웍스 1.1,2015-07-27 10:46,UxYqnpo17L0,https://www.youtube.com/watch?v=UxYqnpo17L0,1081,3,,0,2022-02-14
"내 손 안에 데스크톱 환경, 엔비디아 지포스 노트북",2015-07-23 16:22,4Rz0Ze0Rq9I,https://www.youtube.com/watch?v=4Rz0Ze0Rq9I,306,1,,0,2022-02-14
아폴로 11호 달 착륙 데모,2015-07-21 15:22,rjfwFSwNBvQ,https://www.youtube.com/watch?v=rjfwFSwNBvQ,2245,2,,0,2022-02-14
NVIDIA Iray 기반의 [FoodScape],2015-07-20 16:39,1y-Iy_5TbX0,https://www.youtube.com/watch?v=1y-Iy_5TbX0,115,1,,0,2022-02-14
[BATTLE CRY] 제작자 인터뷰,2015-07-17 11:43,JjghZWnYsv4,https://www.youtube.com/watch?v=JjghZWnYsv4,135,0,,1,2022-02-14
[페이블 레전드] 제작자 인터뷰,2015-07-10 09:55,MPZz-KGOGek,https://www.youtube.com/watch?v=MPZz-KGOGek,336,2,,0,2022-02-14
[기어즈 오브 워: 얼티밋 에디션] 제작자 인터뷰,2015-07-09 14:16,tJlQV4cerR0,https://www.youtube.com/watch?v=tJlQV4cerR0,180,0,,2,2022-02-14
레인보우 식스: 시즈 개발자 인터뷰,2015-07-02 11:48,6TdHMjtq1As,https://www.youtube.com/watch?v=6TdHMjtq1As,387,4,,2,2022-02-14
아이스링크에 펼쳐진 6K,2015-06-26 09:44,ehImQ8PZSkA,https://www.youtube.com/watch?v=ehImQ8PZSkA,616,2,,0,2022-02-14
아크: 서바이벌 이볼브드에  적용된 게임웍스 기술,2015-06-25 13:12,23B5MKzECsM,https://www.youtube.com/watch?v=23B5MKzECsM,700,4,,0,2022-02-14
"Play The Future, GeForce GTX로 경험하는 새로운 게이밍",2015-06-17 17:10,EObv__So89E,https://www.youtube.com/watch?v=EObv__So89E,162,2,,0,2022-02-14
"엔비디아 물질 정의 언어 (Material Definition Language,  MDL)",2015-06-17 11:29,7YV90lc_bU8,https://www.youtube.com/watch?v=7YV90lc_bU8,314,1,,0,2022-02-14
지포스 정비소: 닛산 GT-R 모드 (Nissan GT-R Mod),2015-06-16 08:59,qrJ-1Oai5f8,https://www.youtube.com/watch?v=qrJ-1Oai5f8,703,5,,0,2022-02-14
"배트맨: 아캄 나이트, 엔비디아 게임웍스 기술이 적용된 배트 모빌 그래픽 영상",2015-06-15 18:30,mjtScNakniw,https://www.youtube.com/watch?v=mjtScNakniw,2166,2,,0,2022-02-14
배트맨: 아캄 나이트에 적용된 엔비디아 게임웍스 기술,2015-06-10 10:23,TvBcNSYbgxM,https://www.youtube.com/watch?v=TvBcNSYbgxM,3065,4,,2,2022-02-14
컴퓨텍스 2015에서의 엔비디아 부스 이모저모,2015-06-08 16:46,uGlb5h-ikJk,https://www.youtube.com/watch?v=uGlb5h-ikJk,46,0,,0,2022-02-14
컴퓨텍스에서 만난 엔비디아  VR 체험의 모든 것!,2015-06-08 11:30,K4JALw7b4mQ,https://www.youtube.com/watch?v=K4JALw7b4mQ,154,0,,0,2022-02-14
"엔비디아 지싱크 기술, 이제 노트북에서 즐기세요",2015-06-08 10:38,1TP16f3U1Lk,https://www.youtube.com/watch?v=1TP16f3U1Lk,166,1,,1,2022-02-14
"컴퓨텍스에서 만난 안드로이드 TV 콘솔, 엔비디아 쉴드",2015-06-08 10:33,baUNa7nRyzI,https://www.youtube.com/watch?v=baUNa7nRyzI,88,0,,0,2022-02-14
지포스 GTX 980 Ti로 즐기는 4K 게이밍 체험,2015-06-04 14:07,nLVdtlXEGwE,https://www.youtube.com/watch?v=nLVdtlXEGwE,284,3,,1,2022-02-14
"안드로이드 TV 콘솔, 엔비디아 쉴드",2015-06-02 18:04,JVlrqDcTw4c,https://www.youtube.com/watch?v=JVlrqDcTw4c,2932,3,,2,2022-02-14
"엔비디아 지싱크 - 인생, 게임, 액션",2015-06-02 17:24,7_Kx8Th8mTI,https://www.youtube.com/watch?v=7_Kx8Th8mTI,636,1,,0,2022-02-14
지포스 GTX 980 Ti 출시 영상,2015-06-01 14:41,9ctMHwndPSE,https://www.youtube.com/watch?v=9ctMHwndPSE,1424,7,,18,2022-02-14
"엔비디아 쉴드 태블릿과 함께 하는 디지털 페인팅, 일몰의 순간을 담다",2015-05-19 12:20,eIIOsCGQndU,https://www.youtube.com/watch?v=eIIOsCGQndU,288,4,,1,2022-02-14
더 위쳐 3: 와일드 헌트에 적용된 엔비디아 게임 웍스 기술 영상,2015-05-19 12:06,RFmlL4gDGXs,https://www.youtube.com/watch?v=RFmlL4gDGXs,3069,4,,0,2022-02-14
GTC 2015 하이라이트 영상,2015-05-18 12:56,9VbRi0Fbe6I,https://www.youtube.com/watch?v=9VbRi0Fbe6I,120,0,,0,2022-02-14
"사실적인 근육을 가진 파이터를 그려라, 엔비디아 아이레이(Iray)",2015-05-18 12:44,0MDZPelmS3o,https://www.youtube.com/watch?v=0MDZPelmS3o,364,0,,0,2022-02-14
킹 오브 우슈 데모 영상,2015-05-18 12:21,G9Nb63f9vEI,https://www.youtube.com/watch?v=G9Nb63f9vEI,865,1,,0,2022-02-14
엔비디아의 아이레이 기술 데모,2015-05-15 17:35,0cWIn2_ICl8,https://www.youtube.com/watch?v=0cWIn2_ICl8,152,2,,0,2022-02-14
[FIRST 로봇 경진대회] 엔비디아 젯슨 TK1 보드 기반의 로봇,2015-05-13 16:43,dwVBFiY3NQw,https://www.youtube.com/watch?v=dwVBFiY3NQw,424,3,,0,2022-02-14
엔비디아 헤어웍스 기술 적용된 렌더링 데모,2015-05-11 15:52,fzmVOJUMi0c,https://www.youtube.com/watch?v=fzmVOJUMi0c,1119,3,,0,2022-02-14
엔비디아 아이레이 기술의 실시간 렌더링 데모 영상,2015-05-08 10:51,P82oP8rXY4c,https://www.youtube.com/watch?v=P82oP8rXY4c,492,1,,0,2022-02-14
"딥 러닝, 예술 작품들을 구별할 수 있다면?(엔비디아 GPU 기반 딥러닝 사례)",2015-05-08 10:20,CPPQcxhj3IY,https://www.youtube.com/watch?v=CPPQcxhj3IY,1083,5,,0,2022-02-14
배트맨 아캄 나이트 신규 트레일러 영상,2015-04-29 10:13,k0EBVhgC8hE,https://www.youtube.com/watch?v=k0EBVhgC8hE,502,2,,0,2022-02-14
엔비디아 젯슨 임베디드 기술로 구동되는 자율주행 RC카,2015-04-28 11:11,m_0b8hJoMqA,https://www.youtube.com/watch?v=m_0b8hJoMqA,1848,14,,1,2022-02-14
지구의 날 기념 엔비디아 게임 웍스 기술 데모 영상,2015-04-23 13:56,V9YwNeF7044,https://www.youtube.com/watch?v=V9YwNeF7044,155,1,,0,2022-02-14
엔비디아 지싱크(G-SYNC)의 구동 원리,2015-04-07 14:31,79C-g1bI7HA,https://www.youtube.com/watch?v=79C-g1bI7HA,5016,12,,3,2022-02-14
"[엔비디아 드림토크] 서강대, 울산대 편",2015-04-07 11:35,h_rkntrJfQo,https://www.youtube.com/watch?v=h_rkntrJfQo,257,2,,0,2022-02-14
"엔비디아 쉴드 태블릿, 어디까지 알고 있니?.avi",2015-03-20 11:52,KScP5EX1fz8,https://www.youtube.com/watch?v=KScP5EX1fz8,2371,10,,6,2022-02-14
새로운 지포스 GTX 타이탄 X 소개 영상,2015-03-18 09:44,guOSceYC0Go,https://www.youtube.com/watch?v=guOSceYC0Go,3280,16,,1,2022-02-14
"세계 최초의 안드로이드 TV 콘솔, 쉴드",2015-03-04 13:39,9eHJ8qVwpMI,https://www.youtube.com/watch?v=9eHJ8qVwpMI,1950,5,,2,2022-02-14
GeForce GTX 960 소개 및 데모 영상,2015-01-29 11:01,G07whHvhZWg,https://www.youtube.com/watch?v=G07whHvhZWg,658,7,,0,2022-02-14
엔비디아판 프라이데이나잇 네온불빛,2014-12-26 11:10,S86HOjwkc7o,https://www.youtube.com/watch?v=S86HOjwkc7o,165,0,,0,2022-02-14
다잉 라이트(Dying Light) 스토리 트레일러 영상,2014-12-09 16:59,2wbvNDlLcU8,https://www.youtube.com/watch?v=2wbvNDlLcU8,600,1,,0,2022-02-14
지스타 2014 엔비디아 부스 총 정리!,2014-12-09 11:09,LHkAKxin_nI,https://www.youtube.com/watch?v=LHkAKxin_nI,1352,10,,0,2022-02-14
NVIDIA GRID vGPU와 VMware vSphere의 만남,2014-11-19 15:59,gnXhZKyMIg0,https://www.youtube.com/watch?v=gnXhZKyMIg0,280,0,,0,2022-02-14
데모로 체험해보는 달 착륙의 진실!,2014-11-13 17:33,qAvdzqDvrSM,https://www.youtube.com/watch?v=qAvdzqDvrSM,2255,1,,1,2022-02-14
(파 크라이 4) 엔비디아 게임웍스 기술로 빚어낸 파 크라이 4,2014-11-13 11:13,Y3Jer1krOxw,https://www.youtube.com/watch?v=Y3Jer1krOxw,366,0,,0,2022-02-14
"엔비디아 게임웍스가 적용된 새로운 레이싱 게임, 더 크루(The Crew)",2014-11-10 16:44,RMIlIFUBSSI,https://www.youtube.com/watch?v=RMIlIFUBSSI,741,2,,0,2022-02-14
"엔비디아 게임웍스 기술 소개, Turf Effect",2014-11-10 13:34,prQx5YXIFyU,https://www.youtube.com/watch?v=prQx5YXIFyU,322,1,,1,2022-02-14
(인터뷰 영상) '레퍼드' 복한규가 말하는 2014 LoL 월드챔피언십 결승전!,2014-11-10 13:18,bGvk70y8n_E,https://www.youtube.com/watch?v=bGvk70y8n_E,816,2,,0,2022-02-14
2014 LoL 월드챔피언십 결승전 영상! with 엔비디아,2014-11-10 13:04,L5dez5A-1tk,https://www.youtube.com/watch?v=L5dez5A-1tk,926,8,,0,2022-02-14
안드로이드 5.0 롤리팝 지원의 쉴드 태블릿(SHIELD tablet),2014-11-05 16:38,9lvJhMtv9VA,https://www.youtube.com/watch?v=9lvJhMtv9VA,4630,2,,0,2022-02-14
"어디서나 즐길 수 있는 최상의 게이밍, 쉴드 태블릿(SHIELD Tablet)",2014-11-05 15:14,nljlJ-OZsOQ,https://www.youtube.com/watch?v=nljlJ-OZsOQ,3132,0,,0,2022-02-14
어쌔신 크리드 유니티에 적용된 엔비디아 그래픽 기술,2014-11-03 16:14,9_K3YFRqJQ8,https://www.youtube.com/watch?v=9_K3YFRqJQ8,1382,6,,0,2022-02-14
"PC게이머를 위한 엔비디아의 첫 글로벌 게이밍 이벤트, GAME24",2014-10-16 14:30,Ae8LCPhOQVs,https://www.youtube.com/watch?v=Ae8LCPhOQVs,84,0,,0,2022-02-14
"게이머를 위한 게이밍 태블릿, NVIDIA SHIELD Tablet",2014-10-16 14:22,zPIgx0xVfhY,https://www.youtube.com/watch?v=zPIgx0xVfhY,2315,0,,0,2022-02-14
맥스웰 기반 GeForce GTX 980,2014-10-16 14:12,C27J1vU_aAA,https://www.youtube.com/watch?v=C27J1vU_aAA,364,2,,1,2022-02-14
보더랜드: 더 프리시퀄에 적용된 엔비디아 그래픽 기술,2014-10-16 12:20,kmqUfpHDTzw,https://www.youtube.com/watch?v=kmqUfpHDTzw,338,0,,2,2022-02-14
"지포스 GTX 980과 970, 아폴로 11호의 음모론을 파헤쳐 보다!",2014-10-13 13:30,I3n2JNWcOXU,https://www.youtube.com/watch?v=I3n2JNWcOXU,31653,63,,59,2022-02-14
세계 최대 크기의 4K 디스플레이에서 즐기는 4K 게이밍,2014-10-13 11:30,DT0e151MgTA,https://www.youtube.com/watch?v=DT0e151MgTA,938,4,,2,2022-02-14
엔비디아 맥스웰 아키텍처의 탄생(The Journey of Maxwell),2014-10-13 10:13,Jr2DBCtbCzI,https://www.youtube.com/watch?v=Jr2DBCtbCzI,284,7,,1,2022-02-14
NVIDIA Espresso 드라이버가 제공하는 전력 절감 효과,2014-09-26 16:36,IWWUaNzp8hM,https://www.youtube.com/watch?v=IWWUaNzp8hM,5570,7,,1,2022-02-14
엔비디아 쉴드 태블릿에서 즐기는 다이렉트 스타일러스(Direct Stylus) 기술,2014-08-26 13:49,-o2s88o1Hxk,https://www.youtube.com/watch?v=-o2s88o1Hxk,3030,2,,0,2022-02-14
엔비디아 쉴드(NVIDIA SHIELD)에서 즐기는 게임스트림(GameStream),2014-08-26 13:39,v3FA856VicI,https://www.youtube.com/watch?v=v3FA856VicI,7132,1,,1,2022-02-14
엔비디아 쉴드 태블릿(NVIDIA SHIELD Tablet)의 모든 것,2014-08-26 12:19,ciKsnewn7qg,https://www.youtube.com/watch?v=ciKsnewn7qg,10988,15,,4,2022-02-14
"[엔비디아가 청년들에게 보내는 첫 번째 메시지,‘그린라이트를 켜라’ 특강 개최!]",2014-07-28 16:29,7yfyR1t_Lb4,https://www.youtube.com/watch?v=7yfyR1t_Lb4,176,1,,1,2022-02-14
[엔비디아가 여러분의 회사에 쏜다! - NVIDIA 오피스어택],2014-06-12 12:02,bKtVkvsWBo8,https://www.youtube.com/watch?v=bKtVkvsWBo8,199,0,,0,2022-02-14
[GTC 2014에서 전해온 4가지 흥미로운 소식],2014-03-28 10:35,aD8KRTDHrOs,https://www.youtube.com/watch?v=aD8KRTDHrOs,180,2,,2,2022-02-14
NVIDIA 제 5회 nCampus 엔비디아 지포스 기반 기술의 융합,2013-04-23 10:40,WWIIozi0zzs,https://www.youtube.com/watch?v=WWIIozi0zzs,126,1,,0,2022-02-14
"[타이탄] 지구상에서 가장 빠른 GPU, 지포스 GTX 타이탄  GPU~!",2013-02-20 05:44,sE_zFL-XX50,https://www.youtube.com/watch?v=sE_zFL-XX50,15601,16,,22,2022-02-14
[아키에이지] 엔비디아 최신 그래픽 기술과 만난 아키에이지,2013-01-17 11:06,NEuxCbL6b0M,https://www.youtube.com/watch?v=NEuxCbL6b0M,13852,8,,0,2022-02-14
[아키에이지] 아키에이지에 적용되는 엔비디아의 최신 그래픽 기술,2013-01-04 17:47,Dub-WRgKQus,https://www.youtube.com/watch?v=Dub-WRgKQus,5881,17,,3,2022-02-14
아키에이지,2013-01-04 17:46,0-3uKsBOksE,https://www.youtube.com/watch?v=0-3uKsBOksE,220,0,,0,2022-02-14
아키에이지 오픈베타 트레일러(ArcheAge OBT Trailer),2012-12-18 12:55,h8vrFDflDXo,https://www.youtube.com/watch?v=h8vrFDflDXo,10574,2,,1,2022-02-14
엔비디아 테그라 게임 콘테스트 2012 수상식 현장,2012-10-29 13:02,0B9yCOlux_E,https://www.youtube.com/watch?v=0B9yCOlux_E,322,0,,0,2022-02-14
"NVIDIA GeForce MASTERS DAY (결승전 경기, 팀플레이)",2012-10-17 16:08,R2UL_oP0niw,https://www.youtube.com/watch?v=R2UL_oP0niw,10986,19,,5,2022-02-14
엔비디아 테그라3의 모든 것,2012-10-11 20:08,xKktSYqXSfY,https://www.youtube.com/watch?v=xKktSYqXSfY,7327,2,,0,2022-02-14
"[지포스-] ""1470"", 엔비디아 얼티밋&쿨 멀티-디스플레이, 엘더스크롤5 데모",2012-06-18 17:03,UYrBTijMtIM,https://www.youtube.com/watch?v=UYrBTijMtIM,305,2,,1,2022-02-14
[지포스] 엔비디아 어댑티브 V-Sync의 V-Sync=OFF 테어링 방지 데모,2012-06-18 16:40,BCDbSIF55Io,https://www.youtube.com/watch?v=BCDbSIF55Io,329,0,,0,2022-02-14
[지포스] 엔비디아 어댑티브 V-Sync의  V-Sync=ON 스터터링 완화 데모,2012-06-18 16:25,TT3-_7_RpM0,https://www.youtube.com/watch?v=TT3-_7_RpM0,1200,2,,0,2022-02-14
[지포스] 모든 게임을 지원하는 엔비디아 FXAA 데모,2012-06-18 16:19,EUb4h-4ioXM,https://www.youtube.com/watch?v=EUb4h-4ioXM,480,1,,0,2022-02-14
[지포스] 엔비디아 피직스(PhysX) 데모,2012-06-18 16:12,6GE7f2BY-7s,https://www.youtube.com/watch?v=6GE7f2BY-7s,1404,2,,0,2022-02-14
[지포스] 모든 게임을 지원하는 TXAA 데모,2012-06-18 16:05,dveyNA0IIGI,https://www.youtube.com/watch?v=dveyNA0IIGI,208,0,,0,2022-02-14
[지포스] 엔비디아 GPU 부스트(GPU BOOST) 데모,2012-06-18 15:59,wq_FOwEcQ_w,https://www.youtube.com/watch?v=wq_FOwEcQ_w,423,0,,0,2022-02-14
G-STAR 2011에서 만난 엔비디아(NVIDIA),2011-12-02 15:36,V4Aee1jClWQ,https://www.youtube.com/watch?v=V4Aee1jClWQ,39,1,,0,2022-02-14
NVIDIA in G-Star 2011,2011-12-02 15:06,ATBUKixLC5U,https://www.youtube.com/watch?v=ATBUKixLC5U,35,0,,0,2022-02-14
엔비디아 테그라2(Tegra2) 슈퍼폰으로 만나는 스마트 오피스,2011-04-12 18:13,o3VJ99EEX6E,https://www.youtube.com/watch?v=o3VJ99EEX6E,174,2,,0,2022-02-14
엔비디아 테그라2(Tegra2) 슈퍼폰으로 만나는 스마트 홈,2011-04-12 17:57,9txfXtUPLLE,https://www.youtube.com/watch?v=9txfXtUPLLE,237,3,,0,2022-02-14
